{
  "project_info": {
    "project_number": "603713472286",
    "project_id": "wicp-2c8b1",
    "storage_bucket": "wicp-2c8b1.appspot.com"
  },
  "client": [
    {
      "client_info": {
        "mobilesdk_app_id": "1:603713472286:android:88f23ca0e43d3eb4fe2b0f",
        "android_client_info": {
          "package_name": "com.mycompany.wordsincontext"
        }
      },
      "oauth_client": [
        {
          "client_id": "603713472286-7637anidrnevo43jep3akf46lk6pu1dk.apps.googleusercontent.com",
          "client_type": 1,
          "android_info": {
            "package_name": "com.mycompany.wordsincontext",
            "certificate_hash": "9bbb3186b2189ef16d8f272bdab59362c395cbb4"
          }
        },
        {
          "client_id": "603713472286-u9p0df1jp9sqgnu2ljhq9fm5tsnuevdu.apps.googleusercontent.com",
          "client_type": 3
        }
      ],
      "api_key": [
        {
          "current_key": "AIzaSyBnKUHH3_AtjHrDCzQMYcVqv2fRFYi0r4A"
        }
      ],
      "services": {
        "appinvite_service": {
          "other_platform_oauth_client": [
            {
              "client_id": "603713472286-u9p0df1jp9sqgnu2ljhq9fm5tsnuevdu.apps.googleusercontent.com",
              "client_type": 3
            },
            {
              "client_id": "603713472286-ks507p8nehlmet46vdmbusbuf06udq32.apps.googleusercontent.com",
              "client_type": 2,
              "ios_info": {
                "bundle_id": "com.mycompany.wordsincontext"
              }
            }
          ]
        }
      }
    },
    {
      "client_info": {
        "mobilesdk_app_id": "1:603713472286:android:d6c44415c8435343fe2b0f",
        "android_client_info": {
          "package_name": "com.nocom.firebtest"
        }
      },
      "oauth_client": [
        {
          "client_id": "603713472286-dr3sj2sisl03c3p5u2rj62rvit76p2qa.apps.googleusercontent.com",
          "client_type": 1,
          "android_info": {
            "package_name": "com.nocom.firebtest",
            "certificate_hash": "9bbb3186b2189ef16d8f272bdab59362c395cbb4"
          }
        },
        {
          "client_id": "603713472286-fs6r52sio3fkpa0dqoiuilboq5dsjs5a.apps.googleusercontent.com",
          "client_type": 1,
          "android_info": {
            "package_name": "com.nocom.firebtest",
            "certificate_hash": "7dfdf8740ad0a371194297167f25394d5a6c6ab6"
          }
        },
        {
          "client_id": "603713472286-u9p0df1jp9sqgnu2ljhq9fm5tsnuevdu.apps.googleusercontent.com",
          "client_type": 3
        }
      ],
      "api_key": [
        {
          "current_key": "AIzaSyBnKUHH3_AtjHrDCzQMYcVqv2fRFYi0r4A"
        }
      ],
      "services": {
        "appinvite_service": {
          "other_platform_oauth_client": [
            {
              "client_id": "603713472286-u9p0df1jp9sqgnu2ljhq9fm5tsnuevdu.apps.googleusercontent.com",
              "client_type": 3
            },
            {
              "client_id": "603713472286-ks507p8nehlmet46vdmbusbuf06udq32.apps.googleusercontent.com",
              "client_type": 2,
              "ios_info": {
                "bundle_id": "com.mycompany.wordsincontext"
              }
            }
          ]
        }
      }
    }
  ],
  "configuration_version": "1"
}